"GEO_ID","id",
"NAME","Geographic Area Name",
"P005001","Total",
"P005002","Total!!Not Hispanic or Latino",
"P005003","Total!!Not Hispanic or Latino!!White alone",
"P005004","Total!!Not Hispanic or Latino!!Black or African American alone",
"P005005","Total!!Not Hispanic or Latino!!American Indian and Alaska Native alone",
"P005006","Total!!Not Hispanic or Latino!!Asian alone",
"P005007","Total!!Not Hispanic or Latino!!Native Hawaiian and Other Pacific Islander alone",
"P005008","Total!!Not Hispanic or Latino!!Some Other Race alone",
"P005009","Total!!Not Hispanic or Latino!!Two or More Races",
"P005010","Total!!Hispanic or Latino",
"P005011","Total!!Hispanic or Latino!!White alone",
"P005012","Total!!Hispanic or Latino!!Black or African American alone",
"P005013","Total!!Hispanic or Latino!!American Indian and Alaska Native alone",
"P005014","Total!!Hispanic or Latino!!Asian alone",
"P005015","Total!!Hispanic or Latino!!Native Hawaiian and Other Pacific Islander alone",
"P005016","Total!!Hispanic or Latino!!Some Other Race alone",
"P005017","Total!!Hispanic or Latino!!Two or More Races",
